{"stats":{"minecraft:used":{"minecraft:wooden_sword":9,"minecraft:crafting_table":1},"minecraft:mined":{"minecraft:oak_log":2,"minecraft:oak_leaves":7},"minecraft:custom":{"minecraft:time_since_rest":13417,"minecraft:crouch_one_cm":75,"minecraft:sprint_one_cm":2781,"minecraft:play_time":13417,"minecraft:damage_taken":283,"minecraft:walk_one_cm":7474,"minecraft:sneak_time":137,"minecraft:jump":25,"minecraft:damage_dealt":201,"minecraft:leave_game":4,"minecraft:time_since_death":13417,"minecraft:total_world_time":13417,"minecraft:interact_with_crafting_table":1,"minecraft:fall_one_cm":659,"minecraft:fly_one_cm":783,"minecraft:player_kills":1},"minecraft:picked_up":{"minecraft:lingering_potion":1,"minecraft:wooden_sword":1,"minecraft:netherite_boots":1,"minecraft:diamond":64,"minecraft:netherite_helmet":1,"minecraft:oak_log":2,"minecraft:netherite_chestplate":1,"minecraft:oak_sapling":2,"minecraft:netherite_leggings":1},"minecraft:crafted":{"minecraft:oak_planks":8,"minecraft:diamond_sword":1,"minecraft:diamond_pickaxe":1,"minecraft:diamond_axe":1,"minecraft:crafting_table":1,"minecraft:stick":8}},"DataVersion":2975}