{"stats":{"minecraft:picked_up":{"dedsafio2:dedita":1},"minecraft:used":{"minecraft:totem_of_undying":2},"minecraft:dropped":{"dedsafio2:dedita":1},"minecraft:custom":{"minecraft:jump":65,"minecraft:time_since_rest":2097,"minecraft:crouch_one_cm":25,"minecraft:play_one_minute":18330,"minecraft:leave_game":1,"minecraft:sprint_one_cm":353,"minecraft:deaths":2,"minecraft:damage_taken":4600,"minecraft:time_since_death":2063,"minecraft:walk_one_cm":4977,"minecraft:sneak_time":153,"minecraft:fall_one_cm":49111,"minecraft:drop":1,"minecraft:fly_one_cm":37915}},"DataVersion":2586}