{"stats":{"minecraft:used":{"minecraft:torch":3,"minecraft:wooden_sword":58,"minecraft:oak_planks":49,"minecraft:white_bed":3,"minecraft:lingering_potion":14},"minecraft:mined":{"minecraft:oak_log":4,"minecraft:oak_leaves":21},"minecraft:dropped":{"minecraft:wooden_sword":1,"minecraft:diamond":64,"minecraft:netherite_chestplate":1,"minecraft:netherite_leggings":1,"minecraft:netherite_boots":1,"minecraft:netherite_helmet":1},"minecraft:custom":{"minecraft:time_since_rest":3231,"minecraft:deaths":1,"minecraft:crouch_one_cm":19,"minecraft:play_time":11992,"minecraft:sprint_one_cm":1066,"minecraft:damage_taken":310,"minecraft:walk_one_cm":18335,"minecraft:sneak_time":17,"minecraft:drop":34,"minecraft:jump":111,"minecraft:damage_dealt":297,"minecraft:leave_game":2,"minecraft:time_since_death":3211,"minecraft:total_world_time":11992,"minecraft:fall_one_cm":418,"minecraft:fly_one_cm":3129},"minecraft:picked_up":{"minecraft:oak_log":4},"minecraft:killed_by":{"minecraft:player":1},"minecraft:crafted":{"minecraft:oak_planks":16}},"DataVersion":2975}