{"stats":{"minecraft:killed":{"minecraft:pig":26,"minecraft:iron_golem":1,"minecraft:spider":3,"minecraft:wandering_trader":1,"minecraft:creeper":1,"minecraft:horse":5,"minecraft:sheep":13,"minecraft:skeleton":1,"minecraft:trader_llama":2,"minecraft:chicken":5,"minecraft:cow":21,"minecraft:enderman":1},"minecraft:used":{"minecraft:oak_trapdoor":3,"minecraft:stone_sword":16,"minecraft:iron_shovel":240,"minecraft:birch_planks":4,"minecraft:stone_pickaxe":72,"minecraft:oak_planks":5,"minecraft:poppy":1,"minecraft:chest":2,"minecraft:spruce_planks":5,"minecraft:wooden_pickaxe":26,"minecraft:netherrack":90,"minecraft:torch":1,"minecraft:dirt":191,"minecraft:oak_slab":56,"minecraft:crafting_table":5,"minecraft:white_bed":4,"minecraft:oak_log":1,"minecraft:sunflower":1,"minecraft:iron_axe":157,"minecraft:string":1,"minecraft:iron_pickaxe":219,"minecraft:spruce_sapling":2,"minecraft:stone_axe":14,"minecraft:magma_block":12,"minecraft:cobblestone":38,"minecraft:furnace":4,"minecraft:andesite":1,"minecraft:oak_boat":2,"minecraft:egg":1,"minecraft:cooked_beef":15},"minecraft:crafted":{"minecraft:cooked_beef":39,"minecraft:oak_slab":66,"minecraft:oak_planks":116,"minecraft:crafting_table":1,"minecraft:spruce_planks":28,"minecraft:wooden_pickaxe":1,"minecraft:furnace":1,"minecraft:birch_planks":20,"minecraft:stone_axe":1,"minecraft:air":0,"minecraft:oak_trapdoor":2,"minecraft:oak_boat":2,"minecraft:iron_chestplate":1,"minecraft:iron_axe":1,"minecraft:stick":16,"minecraft:iron_ingot":27,"minecraft:iron_pickaxe":1,"minecraft:stone_pickaxe":1,"minecraft:stone_sword":1,"minecraft:iron_shovel":2,"minecraft:white_bed":2,"minecraft:torch":4},"minecraft:picked_up":{"minecraft:birch_log":5,"minecraft:crafting_table":4,"minecraft:magma_block":23,"minecraft:feather":5,"minecraft:cooked_beef":1,"minecraft:chicken":5,"minecraft:andesite":1,"minecraft:leather":23,"minecraft:lead":2,"minecraft:potato":6,"minecraft:lily_pad":2,"minecraft:oak_log":30,"minecraft:oak_trapdoor":2,"minecraft:string":2,"minecraft:dirt":256,"minecraft:bone":1,"minecraft:apple":18,"minecraft:wheat_seeds":13,"minecraft:gold_nugget":3,"minecraft:bell":1,"minecraft:spruce_planks":1,"minecraft:iron_ingot":9,"minecraft:beef":40,"minecraft:iron_ore":32,"minecraft:poppy":3,"minecraft:sugar_cane":13,"minecraft:chest":2,"minecraft:birch_sapling":1,"minecraft:egg":1,"minecraft:furnace":3,"minecraft:oak_slab":1,"minecraft:stick":25,"minecraft:torch":1,"minecraft:dandelion":2,"minecraft:porkchop":49,"minecraft:spruce_sapling":2,"minecraft:grass_block":1,"minecraft:white_bed":2,"minecraft:spruce_log":7,"minecraft:spider_eye":2,"minecraft:arrow":1,"minecraft:rotten_flesh":4,"minecraft:emerald":2,"minecraft:oak_sapling":27,"minecraft:netherrack":155,"minecraft:mutton":19,"minecraft:coal":47,"minecraft:sunflower":1,"minecraft:white_wool":13,"minecraft:cobblestone":61,"minecraft:ender_pearl":2},"minecraft:custom":{"minecraft:interact_with_furnace":20,"minecraft:mob_kills":80,"minecraft:interact_with_crafting_table":16,"minecraft:play_one_minute":83642,"minecraft:leave_game":2,"minecraft:time_since_death":83642,"minecraft:sleep_in_bed":3,"minecraft:climb_one_cm":1513,"minecraft:time_since_rest":9419,"minecraft:sprint_one_cm":216515,"minecraft:damage_taken":816,"minecraft:walk_one_cm":160763,"minecraft:drop":21,"minecraft:damage_dealt":9871,"minecraft:talked_to_villager":1,"minecraft:swim_one_cm":19995,"minecraft:fly_one_cm":394513,"minecraft:open_chest":14,"minecraft:crouch_one_cm":22415,"minecraft:sneak_time":8184,"minecraft:walk_under_water_one_cm":4107,"minecraft:boat_one_cm":1059,"minecraft:jump":1653,"minecraft:walk_on_water_one_cm":13477,"minecraft:fall_one_cm":40005},"minecraft:mined":{"minecraft:oak_slab":1,"minecraft:spruce_planks":1,"minecraft:white_bed":2,"minecraft:crafting_table":3,"minecraft:torch":1,"minecraft:grass_block":137,"minecraft:poppy":1,"minecraft:chest":2,"minecraft:tall_grass":4,"minecraft:cobblestone":17,"minecraft:spruce_leaves":22,"minecraft:lily_pad":2,"minecraft:sugar_cane":6,"minecraft:magma_block":12,"minecraft:oak_trapdoor":1,"minecraft:furnace":3,"minecraft:birch_log":5,"minecraft:iron_ore":32,"minecraft:spruce_log":7,"minecraft:andesite":1,"minecraft:birch_leaves":3,"minecraft:grass_path":25,"minecraft:bell":1,"minecraft:grass":43,"minecraft:oak_log":31,"minecraft:coal_ore":47,"minecraft:vine":1,"minecraft:sunflower":1,"minecraft:gravel":1,"minecraft:dirt":83,"minecraft:stone":44,"minecraft:netherrack":157,"minecraft:oak_leaves":2},"minecraft:dropped":{"minecraft:stone_axe":1,"minecraft:wheat_seeds":4,"minecraft:oak_trapdoor":1,"minecraft:ender_pearl":1,"minecraft:birch_sapling":1,"minecraft:feather":5,"minecraft:rotten_flesh":3,"minecraft:grass_block":1,"minecraft:stick":3,"minecraft:poppy":1,"minecraft:spider_eye":2,"minecraft:wooden_pickaxe":1,"minecraft:stone_pickaxe":1,"minecraft:magma_block":11,"minecraft:string":1}},"DataVersion":2586}