{"stats":{"minecraft:killed":{"minecraft:pig":1,"minecraft:witch":1,"minecraft:salmon":49,"minecraft:rabbit":3,"minecraft:skeleton":1,"minecraft:fox":1,"minecraft:cow":2},"minecraft:dropped":{"minecraft:torch":1},"minecraft:mined":{"minecraft:light_gray_carpet":1,"minecraft:spruce_planks":2,"minecraft:powder_snow":17,"minecraft:crafting_table":1,"minecraft:grass_block":6,"minecraft:chest":1,"minecraft:cobblestone":6,"minecraft:spruce_leaves":6,"minecraft:wall_torch":2,"minecraft:iron_ore":52,"minecraft:ice":9,"minecraft:spruce_log":13,"minecraft:white_carpet":1,"minecraft:stripped_spruce_log":1,"minecraft:grass":31,"minecraft:coal_ore":28,"minecraft:iron_bars":1,"minecraft:dirt":6,"minecraft:packed_ice":13,"minecraft:stone":40,"minecraft:fern":1},"minecraft:custom":{"minecraft:interact_with_furnace":46,"minecraft:mob_kills":58,"minecraft:interact_with_crafting_table":12,"minecraft:leave_game":2,"minecraft:time_since_death":45891,"minecraft:sleep_in_bed":5,"minecraft:climb_one_cm":4072,"minecraft:time_since_rest":5283,"minecraft:sprint_one_cm":154429,"minecraft:damage_taken":1114,"minecraft:walk_one_cm":125279,"minecraft:drop":1,"minecraft:damage_dealt":2406,"minecraft:talked_to_villager":1,"minecraft:swim_one_cm":131039,"minecraft:fly_one_cm":256071,"minecraft:open_chest":36,"minecraft:crouch_one_cm":9550,"minecraft:play_time":69033,"minecraft:deaths":1,"minecraft:sneak_time":4358,"minecraft:walk_under_water_one_cm":34502,"minecraft:jump":1318,"minecraft:interact_with_brewingstand":1,"minecraft:walk_on_water_one_cm":12820,"minecraft:total_world_time":69033,"minecraft:fall_one_cm":38122},"minecraft:used":{"minecraft:wheat_seeds":6,"minecraft:water_bucket":9,"minecraft:iron_bars":1,"minecraft:spruce_door":2,"minecraft:stone_pickaxe":113,"minecraft:light_gray_carpet":1,"minecraft:chest":1,"minecraft:spruce_planks":2,"minecraft:wooden_pickaxe":14,"minecraft:iron_sword":41,"minecraft:cooked_salmon":10,"minecraft:iron_chestplate":1,"minecraft:torch":11,"minecraft:dirt":5,"minecraft:white_carpet":1,"minecraft:crafting_table":1,"minecraft:redstone_torch":1,"minecraft:wooden_hoe":6,"minecraft:bread":1,"minecraft:iron_axe":22,"minecraft:iron_pickaxe":10,"minecraft:iron_helmet":1,"minecraft:iron_boots":1,"minecraft:stone_axe":13,"minecraft:cobblestone":22,"minecraft:furnace":2,"minecraft:cooked_porkchop":1,"minecraft:cooked_rabbit":2,"minecraft:bucket":10,"minecraft:cooked_beef":2,"minecraft:splash_potion":1,"minecraft:iron_leggings":1},"minecraft:picked_up":{"minecraft:crafting_table":1,"minecraft:wheat":3,"minecraft:salmon":49,"minecraft:leather":2,"minecraft:dirt":12,"minecraft:white_carpet":9,"minecraft:bone":2,"minecraft:apple":3,"minecraft:wheat_seeds":6,"minecraft:spruce_planks":30,"minecraft:rabbit_hide":1,"minecraft:beef":2,"minecraft:stone_pickaxe":1,"minecraft:redstone_torch":1,"minecraft:rabbit":2,"minecraft:chest":1,"minecraft:raw_iron":52,"minecraft:torch":4,"minecraft:porkchop":1,"minecraft:stripped_spruce_log":1,"minecraft:spruce_log":13,"minecraft:rotten_flesh":2,"minecraft:stone_axe":1,"minecraft:bone_meal":2,"minecraft:golden_apple":1,"minecraft:light_gray_carpet":4,"minecraft:coal":28,"minecraft:iron_bars":1,"minecraft:cobblestone":46},"minecraft:crafted":{"minecraft:cooked_beef":2,"minecraft:cooked_porkchop":1,"minecraft:crafting_table":1,"minecraft:spruce_planks":56,"minecraft:wooden_pickaxe":1,"minecraft:iron_helmet":1,"minecraft:iron_sword":1,"minecraft:spruce_door":3,"minecraft:furnace":2,"minecraft:cooked_salmon":49,"minecraft:bucket":1,"minecraft:bread":1,"minecraft:air":0,"minecraft:iron_boots":1,"minecraft:iron_chestplate":1,"minecraft:wooden_hoe":1,"minecraft:shield":1,"minecraft:iron_axe":1,"minecraft:stick":36,"minecraft:iron_ingot":52,"minecraft:iron_pickaxe":1,"minecraft:stone_pickaxe":1,"minecraft:iron_leggings":1,"minecraft:torch":28,"minecraft:cooked_rabbit":2}},"DataVersion":2975}